0,1
"(array([0.00032263, 0.0004815 , 0.00043046, ..., 0.00051055, 0.00050809,
       0.        ], dtype=float32), 22050)",0
"(array([4.4455468e-05, 6.4481785e-05, 8.8306559e-05, ..., 5.3371891e-04,
       6.3308090e-04, 0.0000000e+00], dtype=float32), 22050)",0
"(array([-0.00028488, -0.00042949, -0.00035141, ...,  0.00026594,
        0.00028585,  0.        ], dtype=float32), 22050)",0
"(array([-1.5699983e-04, -2.1911695e-04, -1.7341736e-04, ...,
        4.2703083e-05,  1.4321387e-04,  0.0000000e+00], dtype=float32), 22050)",0
"(array([ 8.01889109e-05,  1.14541064e-04,  1.08521141e-04, ...,
       -1.46857812e-04, -1.63441087e-04,  0.00000000e+00], dtype=float32), 22050)",0
"(array([-0.00021661, -0.00033517, -0.00030067, ..., -0.0001685 ,
       -0.00017196,  0.        ], dtype=float32), 22050)",0
"(array([0.00018737, 0.00029637, 0.00027691, ..., 0.00029969, 0.00031336,
       0.        ], dtype=float32), 22050)",0
"(array([-0.00028021, -0.00044378, -0.00039664, ..., -0.00082882,
       -0.00079927,  0.        ], dtype=float32), 22050)",0
"(array([-3.1027434e-05, -7.0095717e-05, -8.3333078e-05, ...,
       -8.9299087e-05, -1.0137586e-04,  0.0000000e+00], dtype=float32), 22050)",0
"(array([-0.00014147, -0.00015864, -0.00013916, ..., -0.00015069,
       -0.00019484,  0.        ], dtype=float32), 22050)",0
"(array([ 0.00024067,  0.00036343,  0.00034754, ..., -0.00010573,
       -0.0001319 ,  0.        ], dtype=float32), 22050)",0
"(array([-1.6091895e-04, -2.4861915e-04, -2.1766989e-04, ...,
       -3.0121826e-05, -3.3551241e-05,  0.0000000e+00], dtype=float32), 22050)",0
"(array([-0.000634  , -0.00095978, -0.00086722, ..., -0.0001248 ,
       -0.00014599,  0.        ], dtype=float32), 22050)",0
"(array([-0.00017126, -0.00027081, -0.00026513, ..., -0.00037211,
       -0.00037233,  0.        ], dtype=float32), 22050)",0
"(array([ 0.00022829,  0.00036161,  0.00030267, ..., -0.00038336,
       -0.00039622,  0.        ], dtype=float32), 22050)",0
"(array([-2.4063533e-05, -2.9487821e-05, -1.7106560e-05, ...,
       -4.3643715e-05, -6.2412473e-05,  0.0000000e+00], dtype=float32), 22050)",0
"(array([-0.00018494, -0.00028853, -0.00026867, ..., -0.00033435,
       -0.00033278,  0.        ], dtype=float32), 22050)",0
"(array([-0.00015271, -0.00023194, -0.00017555, ...,  0.00018604,
        0.00023143,  0.        ], dtype=float32), 22050)",0
"(array([ 0.00015755,  0.00024032,  0.00021776, ..., -0.00042005,
       -0.00047714,  0.        ], dtype=float32), 22050)",0
"(array([-2.7709643e-04, -4.1910692e-04, -3.5674797e-04, ...,
       -7.8258709e-05, -7.4253716e-05,  0.0000000e+00], dtype=float32), 22050)",0
"(array([-0.00014366, -0.00020756, -0.00020982, ...,  0.00056385,
        0.00062693,  0.        ], dtype=float32), 22050)",0
"(array([-1.9319552e-04, -3.0490913e-04, -2.3229998e-04, ...,
        9.6054166e-05,  3.5730915e-05,  0.0000000e+00], dtype=float32), 22050)",0
"(array([-2.7235944e-06,  1.1166608e-05,  3.0806925e-05, ...,
        6.5792841e-04,  6.2692200e-04,  0.0000000e+00], dtype=float32), 22050)",0
"(array([ 5.7605019e-05,  8.8770423e-05,  9.4365430e-05, ...,
       -6.5118144e-04, -7.0468563e-04,  0.0000000e+00], dtype=float32), 22050)",0
"(array([-0.00023157, -0.00035169, -0.00030518, ..., -0.00034601,
       -0.00035582,  0.        ], dtype=float32), 22050)",0
"(array([ 1.0672963e-05, -3.3960515e-07, -3.9516595e-05, ...,
       -3.7583060e-04, -4.1617797e-04,  0.0000000e+00], dtype=float32), 22050)",0
"(array([-3.7356393e-05, -4.5682653e-05, -3.9171005e-05, ...,
       -3.8728319e-04, -4.6286866e-04,  0.0000000e+00], dtype=float32), 22050)",0
"(array([-8.7275257e-05, -1.3211771e-04, -1.1634486e-04, ...,
       -1.0135290e-03, -1.0099945e-03,  0.0000000e+00], dtype=float32), 22050)",0
"(array([-2.6613313e-07,  2.7782676e-07,  2.6049973e-05, ...,
       -1.2444092e-04, -1.0647713e-04,  0.0000000e+00], dtype=float32), 22050)",0
"(array([ 0.00022086,  0.00033524,  0.00033255, ..., -0.00085484,
       -0.00097203,  0.        ], dtype=float32), 22050)",0
"(array([9.8348588e-05, 2.1197223e-04, 1.9999393e-04, ..., 3.7397971e-04,
       4.1963148e-04, 0.0000000e+00], dtype=float32), 22050)",0
"(array([-7.70367405e-05, -1.41013865e-04, -1.12136826e-04, ...,
        3.71179078e-04,  3.92768299e-04,  0.00000000e+00], dtype=float32), 22050)",0
"(array([ 3.1348511e-05,  1.2750396e-05, -9.3126291e-05, ...,
       -6.3891656e-04, -6.9655245e-04,  0.0000000e+00], dtype=float32), 22050)",0
"(array([-7.9863952e-05, -9.8618046e-05, -1.4182295e-04, ...,
        3.2058905e-04,  3.3837228e-04,  0.0000000e+00], dtype=float32), 22050)",0
"(array([5.50437020e-04, 8.22679256e-04, 7.05041690e-04, ...,
       6.20728315e-05, 1.08696244e-04, 0.00000000e+00], dtype=float32), 22050)",0
"(array([-0.00016543, -0.00023319, -0.00017523, ...,  0.00027791,
        0.00028396,  0.        ], dtype=float32), 22050)",0
"(array([3.7946502e-05, 4.4819430e-05, 4.0764971e-05, ..., 6.6759327e-05,
       1.6434953e-04, 0.0000000e+00], dtype=float32), 22050)",0
"(array([ 0.00012904,  0.00020229,  0.00016049, ..., -0.0003179 ,
       -0.00039572,  0.        ], dtype=float32), 22050)",0
"(array([0.00010717, 0.00019132, 0.0001481 , ..., 0.00037965, 0.00045126,
       0.        ], dtype=float32), 22050)",0
"(array([-6.3999105e-05, -1.0117149e-04, -8.4753527e-05, ...,
       -2.8621728e-04, -3.3372163e-04,  0.0000000e+00], dtype=float32), 22050)",0
"(array([-0.00013436, -0.000194  , -0.00018884, ..., -0.00033347,
       -0.0003415 ,  0.        ], dtype=float32), 22050)",0
"(array([0.00026618, 0.00038595, 0.00033353, ..., 0.00038537, 0.00048742,
       0.        ], dtype=float32), 22050)",0
"(array([-1.7284280e-04, -2.1681048e-04, -1.7698435e-04, ...,
       -6.3862876e-07,  5.9975806e-05,  0.0000000e+00], dtype=float32), 22050)",0
"(array([-1.6456315e-05, -4.7432597e-05, -5.0208713e-05, ...,
       -5.3762342e-04, -6.3518051e-04,  0.0000000e+00], dtype=float32), 22050)",0
"(array([ 8.1477025e-05,  9.3258037e-05,  7.9959042e-05, ...,
       -1.4362071e-04, -1.3354499e-04,  0.0000000e+00], dtype=float32), 22050)",0
"(array([-0.00018872, -0.00028153, -0.00024354, ..., -0.00018523,
       -0.00020722,  0.        ], dtype=float32), 22050)",0
"(array([-0.00035205, -0.00051943, -0.00042968, ..., -0.00105571,
       -0.00114094,  0.        ], dtype=float32), 22050)",0
"(array([-0.00016556, -0.00023356, -0.00022529, ..., -0.00026456,
       -0.00033627,  0.        ], dtype=float32), 22050)",0
"(array([-0.00016464, -0.00026477, -0.00027142, ..., -0.00023585,
       -0.00020975,  0.        ], dtype=float32), 22050)",0
"(array([-0.00122793, -0.00189912, -0.00161411, ...,  0.00098302,
        0.00082402,  0.        ], dtype=float32), 22050)",0
"(array([0.00022638, 0.00034192, 0.00028127, ..., 0.0002827 , 0.0002745 ,
       0.        ], dtype=float32), 22050)",1
"(array([ 0.00018724,  0.00029038,  0.00023058, ..., -0.00038915,
       -0.00040487,  0.        ], dtype=float32), 22050)",1
"(array([-5.5235891e-05, -1.1496620e-04, -9.6394215e-05, ...,
       -2.7835546e-03, -3.4155466e-03,  0.0000000e+00], dtype=float32), 22050)",1
"(array([-5.7504101e-05, -6.5382097e-05, -6.7185218e-05, ...,
       -7.9118239e-05,  4.6247087e-06,  0.0000000e+00], dtype=float32), 22050)",1
"(array([-4.5787343e-05, -9.2697184e-05, -4.1912492e-05, ...,
        4.6988175e-04,  5.2435708e-04,  0.0000000e+00], dtype=float32), 22050)",1
"(array([ 4.31136759e-05,  1.05095416e-04,  6.19951024e-05, ...,
       -1.68893981e-04, -2.03204647e-04,  0.00000000e+00], dtype=float32), 22050)",1
"(array([-0.00018619, -0.000274  , -0.00025013, ..., -0.00040579,
       -0.00046483,  0.        ], dtype=float32), 22050)",1
"(array([-0.00035384, -0.00053922, -0.00045177, ..., -0.00054256,
       -0.00050581,  0.        ], dtype=float32), 22050)",1
"(array([-0.00023139, -0.00033409, -0.00030251, ..., -0.00016843,
       -0.00016187,  0.        ], dtype=float32), 22050)",1
"(array([ 5.626902e-05,  5.212207e-05,  6.112902e-05, ..., -5.365120e-04,
       -5.527426e-04,  0.000000e+00], dtype=float32), 22050)",1
"(array([ 0.00019341,  0.00030393,  0.00026113, ..., -0.00019685,
       -0.00020402,  0.        ], dtype=float32), 22050)",1
"(array([-3.2365631e-05, -6.7755420e-05, -6.9288828e-05, ...,
       -5.6675519e-04, -5.7386217e-04,  0.0000000e+00], dtype=float32), 22050)",1
"(array([-2.1119829e-05, -3.4547265e-05, -1.8675295e-05, ...,
        2.1350052e-04,  2.4727802e-04,  0.0000000e+00], dtype=float32), 22050)",1
"(array([-3.9572518e-05, -3.3423588e-05,  1.9112197e-06, ...,
       -5.0850073e-04, -5.1317422e-04,  0.0000000e+00], dtype=float32), 22050)",1
"(array([-0.00026781, -0.00039318, -0.00037706, ..., -0.00028759,
       -0.00026557,  0.        ], dtype=float32), 22050)",1
"(array([ 1.5881359e-04,  2.6763143e-04,  2.2694161e-04, ...,
       -4.8574257e-05, -9.3055620e-05,  0.0000000e+00], dtype=float32), 22050)",1
"(array([-6.3716050e-04, -9.3344890e-04, -8.1110065e-04, ...,
       -3.9607758e-06,  1.6692546e-05,  0.0000000e+00], dtype=float32), 22050)",1
"(array([-5.7204765e-05, -6.7130393e-05, -8.2861457e-05, ...,
        3.2751519e-05,  8.8165347e-05,  0.0000000e+00], dtype=float32), 22050)",1
"(array([-0.000138  , -0.00023899, -0.00022252, ...,  0.00012744,
        0.00011367,  0.        ], dtype=float32), 22050)",1
"(array([0.00017337, 0.00024449, 0.00021217, ..., 0.00058492, 0.00071067,
       0.        ], dtype=float32), 22050)",1
"(array([-0.00032481, -0.0005022 , -0.00043502, ..., -0.00032876,
       -0.00039664,  0.        ], dtype=float32), 22050)",1
"(array([-3.2299289e-05, -6.0645369e-05, -8.2439350e-05, ...,
       -9.7118595e-05, -1.3015680e-04,  0.0000000e+00], dtype=float32), 22050)",1
"(array([0.00021997, 0.00032944, 0.0002916 , ..., 0.00010899, 0.00010462,
       0.        ], dtype=float32), 22050)",1
"(array([-1.3876510e-04, -2.3353890e-04, -2.1756839e-04, ...,
        1.2725114e-04,  9.4979056e-05,  0.0000000e+00], dtype=float32), 22050)",1
"(array([ 7.4934680e-05,  1.3531397e-04,  1.5054735e-04, ...,
       -7.2140800e-05, -7.4500858e-05,  0.0000000e+00], dtype=float32), 22050)",1
"(array([-3.5230027e-05, -3.3731860e-05, -2.8838602e-05, ...,
       -2.5819003e-05,  3.8070495e-05,  0.0000000e+00], dtype=float32), 22050)",1
"(array([-0.0002537 , -0.00037116, -0.0003395 , ...,  0.00012834,
        0.0001023 ,  0.        ], dtype=float32), 22050)",1
"(array([-0.00029772, -0.00041906, -0.00037536, ...,  0.00018807,
        0.0002264 ,  0.        ], dtype=float32), 22050)",1
"(array([7.6880911e-05, 1.2697488e-04, 1.3332488e-04, ..., 3.7749592e-04,
       4.2856869e-04, 0.0000000e+00], dtype=float32), 22050)",1
"(array([0.00019695, 0.00032059, 0.00032214, ..., 0.00043095, 0.00039883,
       0.        ], dtype=float32), 22050)",1
"(array([ 0.00061465,  0.00098152,  0.00085356, ..., -0.00046167,
       -0.00050777,  0.        ], dtype=float32), 22050)",1
"(array([-0.00043802, -0.00066085, -0.00058146, ..., -0.00011872,
       -0.00011313,  0.        ], dtype=float32), 22050)",1
"(array([-7.6470104e-05, -1.2569755e-04, -1.1716293e-04, ...,
       -1.6408741e-04, -1.6997133e-04,  0.0000000e+00], dtype=float32), 22050)",1
"(array([ 0.00028226,  0.00041039,  0.00036345, ..., -0.00105652,
       -0.00123778,  0.        ], dtype=float32), 22050)",1
"(array([-0.00024208, -0.0003552 , -0.00024798, ..., -0.00015292,
       -0.00010889,  0.        ], dtype=float32), 22050)",1
"(array([-0.00010209, -0.00012542, -0.00011995, ...,  0.00017731,
        0.00018446,  0.        ], dtype=float32), 22050)",1
"(array([ 3.82633552e-05,  5.69924123e-05,  3.34055767e-05, ...,
       -1.17884236e-04, -1.73623077e-04,  0.00000000e+00], dtype=float32), 22050)",1
"(array([ 2.4146824e-04,  3.7923132e-04,  3.3292774e-04, ...,
       -1.4738519e-05, -3.5685684e-06,  0.0000000e+00], dtype=float32), 22050)",1
"(array([ 0.00022539,  0.00036575,  0.00034334, ..., -0.00157908,
       -0.00197807,  0.        ], dtype=float32), 22050)",1
"(array([-0.00023956, -0.00036597, -0.00031492, ..., -0.00059906,
       -0.00067285,  0.        ], dtype=float32), 22050)",1
"(array([-0.00015538, -0.00012492, -0.0001461 , ..., -0.00019604,
       -0.00019764,  0.        ], dtype=float32), 22050)",1
"(array([ 7.92865976e-05,  1.22316880e-04,  1.21585355e-04, ...,
        9.57206339e-06, -5.75976719e-06,  0.00000000e+00], dtype=float32), 22050)",1
"(array([ 8.5967818e-05,  1.7977481e-04,  1.5622270e-04, ...,
       -2.2648303e-05, -2.1575086e-05,  0.0000000e+00], dtype=float32), 22050)",1
"(array([-0.00031049, -0.00044967, -0.00035821, ...,  0.00016726,
        0.00024583,  0.        ], dtype=float32), 22050)",1
"(array([-0.00012873, -0.00020181, -0.00019461, ..., -0.00030439,
       -0.000402  ,  0.        ], dtype=float32), 22050)",1
"(array([-3.4984402e-04, -5.3027918e-04, -4.5462351e-04, ...,
       -4.8952112e-05, -6.5314511e-05,  0.0000000e+00], dtype=float32), 22050)",1
"(array([ 4.3773489e-05,  6.6117042e-05,  5.7905800e-05, ...,
       -6.7078823e-04, -7.4870593e-04,  0.0000000e+00], dtype=float32), 22050)",1
"(array([-1.9434119e-05, -6.0336912e-05, -7.3089999e-05, ...,
        1.5478270e-04,  1.2660613e-04,  0.0000000e+00], dtype=float32), 22050)",1
"(array([-1.3896397e-05, -6.3963921e-06, -2.1275677e-05, ...,
       -1.6937475e-04, -2.1177041e-04,  0.0000000e+00], dtype=float32), 22050)",1
"(array([-3.3249882e-05, -5.4300181e-05, -5.4210293e-05, ...,
       -9.5683536e-05, -1.4491485e-04,  0.0000000e+00], dtype=float32), 22050)",1
"(array([-5.1366249e-05, -1.2787410e-04, -1.4532669e-04, ...,
       -4.3180725e-04, -4.8588603e-04,  0.0000000e+00], dtype=float32), 22050)",2
"(array([-0.00030415, -0.00046672, -0.0003921 , ...,  0.00051245,
        0.00059446,  0.        ], dtype=float32), 22050)",2
"(array([4.4247405e-05, 6.5251515e-05, 4.0673618e-05, ..., 2.8695690e-04,
       3.6090141e-04, 0.0000000e+00], dtype=float32), 22050)",2
"(array([1.9966191e-04, 3.4044005e-04, 2.7403448e-04, ..., 1.6037966e-04,
       5.2645613e-05, 0.0000000e+00], dtype=float32), 22050)",2
"(array([-5.6720298e-04, -8.4621768e-04, -7.3004578e-04, ...,
       -4.6853980e-05, -6.2016974e-05,  0.0000000e+00], dtype=float32), 22050)",2
"(array([ 4.2017171e-05,  4.5607903e-05,  4.5434113e-05, ...,
       -5.7556090e-04, -6.5963902e-04,  0.0000000e+00], dtype=float32), 22050)",2
"(array([-3.4923764e-04, -5.0808460e-04, -4.4484751e-04, ...,
       -2.1922546e-05, -9.1891116e-06,  0.0000000e+00], dtype=float32), 22050)",2
"(array([ 6.5186934e-05,  9.4000556e-05,  6.3711137e-05, ...,
       -5.5562501e-04, -5.8772590e-04,  0.0000000e+00], dtype=float32), 22050)",2
"(array([ 0.00025849,  0.00038723,  0.00033467, ..., -0.00035042,
       -0.00043656,  0.        ], dtype=float32), 22050)",2
"(array([ 0.00044912,  0.00066038,  0.00056103, ..., -0.00076595,
       -0.00090192,  0.        ], dtype=float32), 22050)",2
"(array([-0.00052678, -0.00078452, -0.00063311, ...,  0.0003704 ,
        0.00036766,  0.        ], dtype=float32), 22050)",2
"(array([-0.00023539, -0.0003254 , -0.00028909, ..., -0.00010614,
       -0.00013603,  0.        ], dtype=float32), 22050)",2
"(array([ 0.00021643,  0.000325  ,  0.00030935, ..., -0.00048203,
       -0.00045574,  0.        ], dtype=float32), 22050)",2
"(array([-9.93611757e-05, -1.19326425e-04, -9.08453148e-05, ...,
       -1.31581532e-04, -1.45105209e-04,  0.00000000e+00], dtype=float32), 22050)",2
"(array([-0.0001956 , -0.00028406, -0.00026047, ..., -0.00085365,
       -0.00090996,  0.        ], dtype=float32), 22050)",2
"(array([-6.7691092e-04, -1.0114281e-03, -8.7474193e-04, ...,
        4.0667604e-05,  6.9288624e-05,  0.0000000e+00], dtype=float32), 22050)",2
"(array([-0.00011039, -0.00020005, -0.00019969, ..., -0.00038308,
       -0.00042185,  0.        ], dtype=float32), 22050)",2
"(array([-0.00018642, -0.00026206, -0.0002291 , ..., -0.00032017,
       -0.00033063,  0.        ], dtype=float32), 22050)",2
"(array([-0.0002316 , -0.00034958, -0.00029258, ..., -0.00072613,
       -0.00069564,  0.        ], dtype=float32), 22050)",2
"(array([0.00023461, 0.00034311, 0.0002993 , ..., 0.00094532, 0.00106449,
       0.        ], dtype=float32), 22050)",2
"(array([-7.42273478e-05, -1.24469894e-04, -1.02886224e-04, ...,
       -2.38654262e-04, -2.56630039e-04,  0.00000000e+00], dtype=float32), 22050)",2
"(array([-9.76397714e-05, -1.40039061e-04, -1.12978814e-04, ...,
       -1.71541178e-04, -1.72625441e-04,  0.00000000e+00], dtype=float32), 22050)",2
"(array([-0.00019039, -0.00026884, -0.00025787, ...,  0.0005536 ,
        0.00060852,  0.        ], dtype=float32), 22050)",2
"(array([3.0949005e-04, 4.6286531e-04, 4.2864741e-04, ..., 1.1530459e-04,
       7.9531950e-05, 0.0000000e+00], dtype=float32), 22050)",2
"(array([-7.4031450e-05, -1.4720464e-04, -1.1242763e-04, ...,
       -2.5506987e-04, -2.6739959e-04,  0.0000000e+00], dtype=float32), 22050)",2
"(array([-4.4784705e-05, -6.9359157e-05, -4.8116890e-05, ...,
        6.4768485e-04,  6.8226887e-04,  0.0000000e+00], dtype=float32), 22050)",2
"(array([ 0.0006468 ,  0.00096067,  0.00087427, ..., -0.00055017,
       -0.00058253,  0.        ], dtype=float32), 22050)",2
"(array([0.00020632, 0.00029016, 0.00028911, ..., 0.00028792, 0.00027194,
       0.        ], dtype=float32), 22050)",2
"(array([0.00024304, 0.00032358, 0.00031052, ..., 0.00036555, 0.00041052,
       0.        ], dtype=float32), 22050)",2
"(array([-0.00038672, -0.00050648, -0.00046033, ..., -0.00048623,
       -0.00047448,  0.        ], dtype=float32), 22050)",2
"(array([-0.00032935, -0.00047162, -0.00040321, ...,  0.00046441,
        0.00056621,  0.        ], dtype=float32), 22050)",2
"(array([0.00022793, 0.00033913, 0.00031411, ..., 0.00013166, 0.00015675,
       0.        ], dtype=float32), 22050)",2
"(array([0.00017454, 0.00026417, 0.00024144, ..., 0.00022105, 0.00024756,
       0.        ], dtype=float32), 22050)",2
"(array([2.7049819e-04, 4.3030345e-04, 3.7617775e-04, ..., 8.9938716e-05,
       1.2301566e-04, 0.0000000e+00], dtype=float32), 22050)",2
"(array([-2.2208329e-05, -4.7789814e-05, -2.6963797e-05, ...,
        8.0128091e-05,  8.6733897e-05,  0.0000000e+00], dtype=float32), 22050)",2
"(array([-0.00030496, -0.00048128, -0.00038974, ...,  0.00052481,
        0.00056201,  0.        ], dtype=float32), 22050)",2
"(array([-0.00029352, -0.00043542, -0.00037024, ..., -0.00012848,
       -0.00016035,  0.        ], dtype=float32), 22050)",2
"(array([0.00028712, 0.00042413, 0.00035004, ..., 0.0002037 , 0.00022678,
       0.        ], dtype=float32), 22050)",2
"(array([ 0.00024986,  0.00031489,  0.00033821, ..., -0.0002143 ,
       -0.00022026,  0.        ], dtype=float32), 22050)",2
"(array([-0.0003074 , -0.00046083, -0.0004184 , ..., -0.00046452,
       -0.00044831,  0.        ], dtype=float32), 22050)",2
"(array([-6.7446876e-04, -9.8063122e-04, -8.8262366e-04, ...,
        6.3419764e-05,  6.5958789e-05,  0.0000000e+00], dtype=float32), 22050)",2
"(array([0.00022026, 0.00030434, 0.00027154, ..., 0.00016197, 0.00020084,
       0.        ], dtype=float32), 22050)",2
"(array([-3.9123634e-06, -3.3190881e-05, -6.5196662e-05, ...,
       -3.4324746e-04, -3.4780899e-04,  0.0000000e+00], dtype=float32), 22050)",2
"(array([-1.4855514e-05, -6.8711859e-05, -4.4852910e-05, ...,
       -6.2544912e-04, -5.9635931e-04,  0.0000000e+00], dtype=float32), 22050)",2
"(array([-3.4448127e-05, -4.9160451e-05, -3.2584412e-05, ...,
       -6.1090170e-05, -5.3628712e-05,  0.0000000e+00], dtype=float32), 22050)",2
"(array([-0.00011225, -0.00017807, -0.00013739, ...,  0.00028804,
        0.00029391,  0.        ], dtype=float32), 22050)",2
"(array([ 0.00044519,  0.00070195,  0.00064794, ..., -0.00080801,
       -0.00095591,  0.        ], dtype=float32), 22050)",2
"(array([-4.203190e-05, -8.496492e-05, -6.694979e-05, ..., -3.043807e-04,
       -3.203581e-04,  0.000000e+00], dtype=float32), 22050)",2
"(array([-6.1732849e-06, -3.5452671e-05, -2.5315509e-05, ...,
        6.7947718e-04,  7.5772346e-04,  0.0000000e+00], dtype=float32), 22050)",2
"(array([0.00024012, 0.00034205, 0.00027562, ..., 0.00011155, 0.00018144,
       0.        ], dtype=float32), 22050)",2
"(array([-3.2426102e-05, -6.7537396e-05, -6.9127615e-05, ...,
       -1.0770197e-04, -9.0516871e-05, -7.3775424e-05], dtype=float32), 22050)",3
"(array([ 1.08719134e-04,  1.43601530e-04,  1.35217109e-04, ...,
       -1.32203728e-04, -9.85430524e-05,  0.00000000e+00], dtype=float32), 22050)",3
"(array([0.00014353, 0.00021786, 0.00018284, ..., 0.00096183, 0.00102646,
       0.        ], dtype=float32), 22050)",3
"(array([ 0.0003315 ,  0.00049972,  0.00042747, ..., -0.00084414,
       -0.00089564,  0.        ], dtype=float32), 22050)",3
"(array([-0.00019805, -0.00030211, -0.00028678, ...,  0.00064883,
        0.00057762,  0.        ], dtype=float32), 22050)",3
"(array([-0.00087618, -0.00132294, -0.00117875, ..., -0.00053591,
       -0.00058262,  0.        ], dtype=float32), 22050)",3
"(array([-0.00021686, -0.00035581, -0.00029528, ...,  0.00026256,
        0.00027408,  0.        ], dtype=float32), 22050)",3
"(array([-0.00019764, -0.00029754, -0.00027986, ...,  0.00062798,
        0.00061943,  0.        ], dtype=float32), 22050)",3
"(array([-1.14166316e-04, -1.52449589e-04, -1.41203054e-04, ...,
       -3.29202339e-05, -1.27215089e-05,  0.00000000e+00], dtype=float32), 22050)",3
"(array([-0.00016217, -0.00023887, -0.00021139, ..., -0.00026444,
       -0.00030726,  0.        ], dtype=float32), 22050)",3
"(array([-0.00050133, -0.00077076, -0.00070188, ..., -0.00043022,
       -0.00052072,  0.        ], dtype=float32), 22050)",3
"(array([-0.00044477, -0.00069504, -0.00061004, ...,  0.00014576,
        0.00022452,  0.        ], dtype=float32), 22050)",3
"(array([-0.00068071, -0.00101622, -0.00085452, ..., -0.00103848,
       -0.00111321,  0.        ], dtype=float32), 22050)",3
"(array([0.00018192, 0.00020834, 0.00014289, ..., 0.00064111, 0.00074491,
       0.        ], dtype=float32), 22050)",3
"(array([-0.0001559 , -0.00025039, -0.00022511, ..., -0.00015821,
       -0.00020436,  0.        ], dtype=float32), 22050)",3
"(array([-0.00021736, -0.00031745, -0.00028891, ..., -0.00061734,
       -0.00068551,  0.        ], dtype=float32), 22050)",3
"(array([-0.00046454, -0.00071687, -0.00062591, ...,  0.00064383,
        0.0006387 ,  0.        ], dtype=float32), 22050)",3
"(array([ 0.00028723,  0.00042631,  0.00038315, ..., -0.00065531,
       -0.0006674 ,  0.        ], dtype=float32), 22050)",3
"(array([-1.7542660e-04, -2.6520476e-04, -2.5026733e-04, ...,
        9.5651318e-05,  5.5324374e-05,  0.0000000e+00], dtype=float32), 22050)",3
"(array([ 0.00031678,  0.00048609,  0.00042662, ..., -0.00074542,
       -0.00086265,  0.        ], dtype=float32), 22050)",3
"(array([-0.00031883, -0.00044876, -0.00040916, ..., -0.00040026,
       -0.0003817 ,  0.        ], dtype=float32), 22050)",3
"(array([ 0.00041011,  0.00060848,  0.00051978, ..., -0.00070887,
       -0.00084488,  0.        ], dtype=float32), 22050)",3
"(array([-0.00017638, -0.00025711, -0.00021057, ..., -0.00058815,
       -0.00058184,  0.        ], dtype=float32), 22050)",3
"(array([-1.6035995e-04, -2.6610197e-04, -2.2930502e-04, ...,
        1.6172118e-04,  7.2496434e-05,  0.0000000e+00], dtype=float32), 22050)",3
"(array([-4.0720730e-05, -9.2924442e-05, -3.5429894e-05, ...,
       -1.4802864e-04, -1.6278547e-04,  0.0000000e+00], dtype=float32), 22050)",3
"(array([-0.0003076 , -0.00044598, -0.00038591, ...,  0.0001938 ,
        0.00021484,  0.        ], dtype=float32), 22050)",3
"(array([-4.4301408e-04, -6.6835439e-04, -5.7449145e-04, ...,
       -4.0494593e-05, -9.6632772e-05,  0.0000000e+00], dtype=float32), 22050)",3
"(array([ 0.00020873,  0.00029664,  0.00021436, ..., -0.00028586,
       -0.00029995,  0.        ], dtype=float32), 22050)",3
"(array([ 0.00023455,  0.00037819,  0.00032802, ..., -0.00096864,
       -0.0010795 ,  0.        ], dtype=float32), 22050)",3
"(array([ 0.00041626,  0.00062794,  0.00055149, ..., -0.00080702,
       -0.00078488,  0.        ], dtype=float32), 22050)",3
"(array([ 0.00015553,  0.00022655,  0.0002222 , ..., -0.00061647,
       -0.00061395,  0.        ], dtype=float32), 22050)",3
"(array([-0.00018691, -0.00029051, -0.0002607 , ..., -0.00010517,
       -0.00010493,  0.        ], dtype=float32), 22050)",3
"(array([-0.00030542, -0.00046497, -0.000421  , ..., -0.00029605,
       -0.00029529,  0.        ], dtype=float32), 22050)",3
"(array([-2.3897870e-05, -4.5144778e-05, -3.9020029e-05, ...,
       -2.6506890e-04, -3.2108370e-04,  0.0000000e+00], dtype=float32), 22050)",3
"(array([ 0.00016073,  0.00026503,  0.00023134, ..., -0.0002252 ,
       -0.00021655,  0.        ], dtype=float32), 22050)",3
"(array([ 1.9949794e-05,  3.6417267e-05,  4.2219843e-05, ...,
       -6.6403991e-05, -1.0813407e-04,  0.0000000e+00], dtype=float32), 22050)",3
"(array([-0.00066656, -0.00102264, -0.00087684, ...,  0.00033054,
        0.00037355,  0.        ], dtype=float32), 22050)",3
"(array([ 1.9780127e-05,  3.7156795e-05, -1.3100137e-05, ...,
       -1.9807002e-04, -1.9543101e-04,  0.0000000e+00], dtype=float32), 22050)",3
"(array([-0.00015741, -0.00020252, -0.00018651, ..., -0.00013554,
       -0.00011558,  0.        ], dtype=float32), 22050)",3
"(array([ 7.607957e-05,  1.212981e-04,  8.504757e-05, ..., -5.763919e-04,
       -5.587765e-04,  0.000000e+00], dtype=float32), 22050)",3
"(array([-0.0003251 , -0.00047766, -0.00041264, ...,  0.00049087,
        0.00057202,  0.        ], dtype=float32), 22050)",3
"(array([-2.8148678e-04, -4.5303549e-04, -3.6305285e-04, ...,
       -4.7568530e-05, -9.5485384e-06,  0.0000000e+00], dtype=float32), 22050)",3
"(array([-2.3576711e-06,  2.5613488e-05,  3.1714528e-05, ...,
       -4.1299057e-04, -4.9303815e-04,  0.0000000e+00], dtype=float32), 22050)",3
"(array([-0.00010075, -0.00013468, -0.00010536, ...,  0.00021104,
        0.00021609,  0.        ], dtype=float32), 22050)",3
"(array([ 1.8257828e-04,  2.8139839e-04,  2.4798699e-04, ...,
       -5.2564308e-05, -4.0387036e-05,  0.0000000e+00], dtype=float32), 22050)",3
"(array([ 5.6315541e-05,  9.0842739e-05,  8.9598310e-05, ...,
       -4.5779819e-04, -3.6319706e-04,  0.0000000e+00], dtype=float32), 22050)",3
"(array([-1.9722813e-05, -3.5433299e-05, -2.7863756e-05, ...,
       -2.7126292e-04, -3.0702847e-04,  0.0000000e+00], dtype=float32), 22050)",3
"(array([ 8.5324624e-05,  1.3559280e-04,  8.3978310e-05, ...,
       -1.8482056e-04, -2.0741182e-04,  0.0000000e+00], dtype=float32), 22050)",3
"(array([-0.00026291, -0.00036758, -0.0002907 , ...,  0.00038201,
        0.00045061,  0.        ], dtype=float32), 22050)",3
"(array([ 9.9477977e-05,  1.1788670e-04,  1.2649772e-04, ...,
       -6.1364076e-04, -6.9839822e-04,  0.0000000e+00], dtype=float32), 22050)",3
"(array([-1.6719085e-05, -4.7901962e-05, -4.6212237e-05, ...,
        3.1289196e-04,  3.8391515e-04,  0.0000000e+00], dtype=float32), 22050)",4
"(array([7.7709288e-04, 1.1778012e-03, 1.0297138e-03, ..., 4.2441468e-05,
       6.1537576e-05, 0.0000000e+00], dtype=float32), 22050)",4
"(array([-0.00053764, -0.00081924, -0.00071921, ..., -0.00051619,
       -0.00063663,  0.        ], dtype=float32), 22050)",4
"(array([4.3679083e-05, 6.7844609e-05, 4.6228757e-05, ..., 4.8178883e-04,
       5.7957805e-04, 0.0000000e+00], dtype=float32), 22050)",4
"(array([-5.2428801e-05, -8.1208076e-05, -7.6762430e-05, ...,
       -7.6033809e-04, -9.5405837e-04,  0.0000000e+00], dtype=float32), 22050)",4
"(array([-6.4250205e-05, -9.2652954e-05, -7.5900614e-05, ...,
        5.1691404e-05,  9.4154320e-06,  0.0000000e+00], dtype=float32), 22050)",4
"(array([3.6140074e-05, 5.1023817e-05, 2.1768221e-05, ..., 4.6219837e-04,
       4.7000934e-04, 0.0000000e+00], dtype=float32), 22050)",4
"(array([-0.00051518, -0.00080916, -0.0007058 , ...,  0.00038055,
        0.0004794 ,  0.        ], dtype=float32), 22050)",4
"(array([-0.00028305, -0.000393  , -0.00034519, ...,  0.00010884,
        0.00012498,  0.        ], dtype=float32), 22050)",4
"(array([ 0.00019715,  0.00027534,  0.00024288, ..., -0.00085792,
       -0.00089002,  0.        ], dtype=float32), 22050)",4
"(array([-0.00020875, -0.00031306, -0.00026217, ..., -0.00079533,
       -0.00072741,  0.        ], dtype=float32), 22050)",4
"(array([2.0568034e-04, 2.7701241e-04, 1.9450151e-04, ..., 6.5001092e-05,
       1.3551961e-04, 0.0000000e+00], dtype=float32), 22050)",4
"(array([0.00013343, 0.0001655 , 0.00015778, ..., 0.00023332, 0.00025533,
       0.        ], dtype=float32), 22050)",4
"(array([ 7.3613955e-06,  1.6675191e-05,  1.5783771e-05, ...,
       -1.6986263e-04, -1.5281132e-04,  0.0000000e+00], dtype=float32), 22050)",4
"(array([-0.00065153, -0.00100871, -0.0008784 , ...,  0.00019268,
        0.00021353,  0.        ], dtype=float32), 22050)",4
"(array([ 0.00089977,  0.00133034,  0.00112709, ..., -0.00035281,
       -0.0003615 ,  0.        ], dtype=float32), 22050)",4
"(array([ 1.9767208e-06, -7.1490904e-05, -7.1890478e-05, ...,
        5.4699860e-05, -4.2501533e-06,  0.0000000e+00], dtype=float32), 22050)",4
"(array([4.9692387e-04, 7.6378789e-04, 6.5345364e-04, ..., 7.0449329e-05,
       6.8549656e-05, 0.0000000e+00], dtype=float32), 22050)",4
"(array([0.00033666, 0.00052744, 0.00044912, ..., 0.00012224, 0.00011789,
       0.        ], dtype=float32), 22050)",4
"(array([ 1.1668320e-04,  1.2114694e-04, -7.8293830e-05, ...,
        7.2488925e-05,  6.7839341e-05,  0.0000000e+00], dtype=float32), 22050)",4
"(array([-2.2020877e-05, -1.7409333e-05, -6.3253819e-06, ...,
        8.6085247e-06,  5.5618916e-06,  0.0000000e+00], dtype=float32), 22050)",4
"(array([6.8618319e-05, 7.7886652e-05, 6.2576648e-05, ..., 7.6856857e-05,
       1.5585213e-04, 0.0000000e+00], dtype=float32), 22050)",4
"(array([ 1.6856909e-04,  3.2887032e-04,  3.3221947e-04, ...,
       -1.5857817e-05, -1.3923198e-04,  0.0000000e+00], dtype=float32), 22050)",4
"(array([2.2460186e-04, 3.9060836e-04, 3.3875840e-04, ..., 7.3212119e-05,
       5.7290392e-05, 0.0000000e+00], dtype=float32), 22050)",4
"(array([ 0.00039259,  0.00059126,  0.0004958 , ..., -0.00025792,
       -0.00026413,  0.        ], dtype=float32), 22050)",4
"(array([ 1.77956666e-04,  2.54362822e-04,  2.16469241e-04, ...,
       -1.94069235e-05,  1.35935925e-05,  0.00000000e+00], dtype=float32), 22050)",4
"(array([-0.00028481, -0.00043079, -0.00036697, ..., -0.0001743 ,
       -0.00018473,  0.        ], dtype=float32), 22050)",4
"(array([-1.1865620e-05, -4.8024458e-06, -2.9114599e-06, ...,
       -5.6201359e-04, -6.5793056e-04,  0.0000000e+00], dtype=float32), 22050)",4
"(array([-1.0576206e-04, -1.3523325e-04, -8.1445949e-05, ...,
        5.3387502e-04,  5.9669267e-04,  0.0000000e+00], dtype=float32), 22050)",4
"(array([2.5545940e-05, 6.0687082e-05, 1.7249327e-05, ..., 3.7639361e-04,
       4.8696631e-04, 0.0000000e+00], dtype=float32), 22050)",4
"(array([-9.5778647e-05, -1.6544125e-04, -1.4434489e-04, ...,
        4.3201944e-04,  4.5942087e-04,  0.0000000e+00], dtype=float32), 22050)",4
"(array([3.7237865e-04, 5.6361093e-04, 4.8121880e-04, ..., 9.3681156e-05,
       2.4373202e-04, 0.0000000e+00], dtype=float32), 22050)",4
"(array([ 0.0001102 ,  0.00016516,  0.00013758, ..., -0.00023668,
       -0.00027687,  0.        ], dtype=float32), 22050)",4
"(array([-5.8605906e-04, -9.0246869e-04, -7.7174330e-04, ...,
       -1.9652192e-05,  3.9410923e-05,  0.0000000e+00], dtype=float32), 22050)",4
"(array([-0.00032383, -0.00051075, -0.00044608, ...,  0.00024341,
        0.00026333,  0.        ], dtype=float32), 22050)",4
"(array([-0.00062251, -0.00093857, -0.00084221, ...,  0.00025445,
        0.00025823,  0.        ], dtype=float32), 22050)",4
"(array([-8.5037696e-05, -1.4206469e-04, -1.3171333e-04, ...,
       -1.9263111e-04, -1.9744148e-04,  0.0000000e+00], dtype=float32), 22050)",4
"(array([-0.00011091, -0.00016231, -0.00018534, ..., -0.00065657,
       -0.00078348,  0.        ], dtype=float32), 22050)",4
"(array([ 4.4777084e-06,  8.3225914e-06, -3.0988747e-06, ...,
       -1.2835952e-04, -1.4962190e-04,  0.0000000e+00], dtype=float32), 22050)",4
"(array([3.7231212e-04, 5.6114251e-04, 4.7713160e-04, ..., 3.1167830e-05,
       6.0308739e-05, 0.0000000e+00], dtype=float32), 22050)",4
"(array([ 0.00020327,  0.00031026,  0.00025225, ..., -0.00041135,
       -0.00034842,  0.        ], dtype=float32), 22050)",4
"(array([ 9.8525830e-05,  1.3630542e-04,  1.3570148e-04, ...,
       -3.0723648e-04, -3.5346154e-04,  0.0000000e+00], dtype=float32), 22050)",4
"(array([4.7726069e-05, 3.4318211e-05, 4.6261521e-05, ..., 1.8017323e-04,
       2.5641598e-04, 0.0000000e+00], dtype=float32), 22050)",4
"(array([-6.6593850e-05, -1.1332460e-04, -5.9939557e-05, ...,
        3.2469012e-05,  1.3555784e-05,  0.0000000e+00], dtype=float32), 22050)",4
"(array([-1.9847961e-04, -3.0506193e-04, -2.3836912e-04, ...,
       -1.2407752e-04, -9.2744391e-05,  0.0000000e+00], dtype=float32), 22050)",4
"(array([ 0.00012983,  0.00017114,  0.00013278, ..., -0.00039564,
       -0.00048623,  0.        ], dtype=float32), 22050)",4
"(array([2.5757082e-04, 3.8335912e-04, 3.3274677e-04, ..., 2.4992492e-05,
       2.7086428e-05, 0.0000000e+00], dtype=float32), 22050)",4
"(array([-8.7294509e-05, -1.4404468e-04, -1.0313167e-04, ...,
       -7.4287219e-04, -8.2291174e-04,  0.0000000e+00], dtype=float32), 22050)",4
"(array([-9.2722650e-05, -1.5350724e-04, -1.6837899e-04, ...,
       -8.3030347e-04, -7.5377175e-04,  0.0000000e+00], dtype=float32), 22050)",4
"(array([-5.9034879e-05, -7.8987279e-05, -5.9887130e-05, ...,
       -1.2242371e-04, -1.4914555e-04,  0.0000000e+00], dtype=float32), 22050)",4
"(array([-6.4394197e-05, -8.5539607e-05, -8.8657311e-05, ...,
       -6.3073752e-04, -7.0897356e-04,  0.0000000e+00], dtype=float32), 22050)",5
"(array([ 3.2015927e-05,  6.3450170e-05,  1.1523373e-04, ...,
       -5.1763584e-04, -5.5199978e-04,  0.0000000e+00], dtype=float32), 22050)",5
"(array([-5.4676169e-05, -7.1202223e-05, -6.9660004e-05, ...,
       -2.3336691e-04, -1.3824481e-04,  0.0000000e+00], dtype=float32), 22050)",5
"(array([-6.78954675e-05, -1.11727662e-04, -1.13504415e-04, ...,
        5.03991672e-04,  4.92683612e-04,  0.00000000e+00], dtype=float32), 22050)",5
"(array([ 2.4751588e-04,  2.8385498e-04,  2.7529616e-04, ...,
       -6.7845940e-05, -9.0673886e-05,  0.0000000e+00], dtype=float32), 22050)",5
"(array([-2.1041938e-04, -2.1065935e-04, -2.3501919e-04, ...,
        3.5667941e-05,  4.6400721e-05,  0.0000000e+00], dtype=float32), 22050)",5
"(array([2.0450111e-04, 3.4626090e-04, 4.3545189e-04, ..., 3.2326538e-05,
       1.0307017e-04, 0.0000000e+00], dtype=float32), 22050)",5
"(array([-0.00053421, -0.00076211, -0.00074906, ...,  0.00096618,
        0.00110582,  0.        ], dtype=float32), 22050)",5
"(array([ 1.0263797e-04,  1.4113981e-04,  8.2111204e-05, ...,
       -2.5663353e-04, -2.5315175e-04,  0.0000000e+00], dtype=float32), 22050)",5
"(array([-0.00036097, -0.00057955, -0.00052545, ..., -0.0004204 ,
       -0.00054039,  0.        ], dtype=float32), 22050)",5
"(array([ 3.8271747e-04,  6.0831499e-04,  5.1456422e-04, ...,
       -8.1871731e-05,  2.5594896e-05,  0.0000000e+00], dtype=float32), 22050)",5
"(array([-2.5013465e-04, -3.7849852e-04, -3.3787024e-04, ...,
       -5.6354369e-05, -1.4726540e-05,  0.0000000e+00], dtype=float32), 22050)",5
"(array([-0.00033765, -0.00052807, -0.00046436, ..., -0.00066449,
       -0.00063712,  0.        ], dtype=float32), 22050)",5
"(array([-2.2811311e-05, -3.2675001e-05, -2.0612026e-05, ...,
        2.1907210e-04,  2.5236566e-04,  0.0000000e+00], dtype=float32), 22050)",5
"(array([-1.1286375e-04, -1.3567193e-04, -1.3203677e-04, ...,
       -8.8631292e-05, -3.3108599e-04,  0.0000000e+00], dtype=float32), 22050)",5
"(array([0.00015658, 0.00022598, 0.00020043, ..., 0.00042523, 0.0003855 ,
       0.        ], dtype=float32), 22050)",5
"(array([ 1.0392929e-05,  2.2065669e-05, -3.9341226e-06, ...,
       -1.7557348e-04, -2.3420923e-04,  0.0000000e+00], dtype=float32), 22050)",5
"(array([ 0.00029248,  0.00043101,  0.0003684 , ..., -0.00049622,
       -0.00059542,  0.        ], dtype=float32), 22050)",5
"(array([-3.6411770e-04, -5.5974460e-04, -4.8503332e-04, ...,
        8.2611463e-05,  5.9356764e-05,  0.0000000e+00], dtype=float32), 22050)",5
"(array([ 1.1000296e-05,  6.7947221e-05,  8.2229613e-05, ...,
       -9.9815188e-05, -1.0278299e-04,  0.0000000e+00], dtype=float32), 22050)",5
"(array([-3.7386853e-04, -5.3697272e-04, -4.6236528e-04, ...,
       -7.9997313e-05, -3.2122040e-05,  0.0000000e+00], dtype=float32), 22050)",5
"(array([-0.00011984, -0.00021818, -0.00016136, ...,  0.00068279,
        0.00075501,  0.        ], dtype=float32), 22050)",5
"(array([-0.00014163, -0.00022602, -0.00017458, ...,  0.00039571,
        0.00042108,  0.        ], dtype=float32), 22050)",5
"(array([5.6178815e-05, 1.0325728e-04, 1.3791682e-04, ..., 2.7372636e-04,
       1.9440021e-04, 0.0000000e+00], dtype=float32), 22050)",5
"(array([-0.00045306, -0.00068141, -0.00060183, ...,  0.00029793,
        0.00026682,  0.        ], dtype=float32), 22050)",5
"(array([ 6.4422093e-05,  8.5451604e-05,  8.8304369e-05, ...,
       -6.4775501e-05, -1.1863854e-04,  0.0000000e+00], dtype=float32), 22050)",5
"(array([-0.00025184, -0.00037537, -0.00034353, ..., -0.00061844,
       -0.00066562,  0.        ], dtype=float32), 22050)",5
"(array([-9.9457473e-05, -1.5212066e-04, -1.2228840e-04, ...,
        1.4388886e-04,  2.2938826e-04,  0.0000000e+00], dtype=float32), 22050)",5
"(array([0.00083184, 0.00127933, 0.00113737, ..., 0.00073845, 0.00075523,
       0.        ], dtype=float32), 22050)",5
"(array([9.9786346e-05, 1.3597062e-04, 1.2729046e-04, ..., 1.5937422e-04,
       2.5143439e-04, 0.0000000e+00], dtype=float32), 22050)",5
"(array([ 0.00014172,  0.00022904,  0.0002241 , ..., -0.00028231,
       -0.00023747,  0.        ], dtype=float32), 22050)",5
"(array([7.4366755e-05, 1.1303251e-04, 1.1493720e-04, ..., 6.7581912e-04,
       7.4204389e-04, 0.0000000e+00], dtype=float32), 22050)",5
"(array([-0.00012186, -0.00018861, -0.00016041, ..., -0.00070546,
       -0.00069638,  0.        ], dtype=float32), 22050)",5
"(array([ 0.00155568,  0.00236076,  0.00208708, ..., -0.00149908,
       -0.00167696,  0.        ], dtype=float32), 22050)",5
"(array([-7.9832869e-05, -1.2750636e-04, -9.4540919e-05, ...,
       -3.3562939e-04, -4.8607160e-04,  0.0000000e+00], dtype=float32), 22050)",5
"(array([-4.3116659e-05, -6.0682825e-05, -8.1630797e-06, ...,
        4.7973328e-04,  4.1285087e-04,  0.0000000e+00], dtype=float32), 22050)",5
"(array([-0.0002188 , -0.00033064, -0.00029085, ...,  0.00015498,
        0.00034241,  0.        ], dtype=float32), 22050)",5
"(array([-0.00010737, -0.00015263, -0.00014346, ...,  0.00039536,
        0.0005094 ,  0.        ], dtype=float32), 22050)",5
"(array([-3.7798766e-04, -6.0544553e-04, -5.2886474e-04, ...,
        3.6263146e-04, -1.2147653e-05,  0.0000000e+00], dtype=float32), 22050)",5
"(array([ 6.4233223e-05,  7.7615347e-05,  5.2028539e-05, ...,
       -2.0657993e-04, -4.0179485e-04,  0.0000000e+00], dtype=float32), 22050)",5
"(array([-2.4642195e-05, -4.4947617e-05, -3.0935298e-05, ...,
        1.1613024e-04,  1.0516802e-04,  0.0000000e+00], dtype=float32), 22050)",5
"(array([-4.2743875e-05, -6.7692257e-05, -8.1094477e-05, ...,
        3.8386570e-04,  5.4676383e-04,  0.0000000e+00], dtype=float32), 22050)",5
"(array([ 9.7081473e-05,  1.3942842e-04,  1.2398827e-04, ...,
       -2.3024468e-04, -2.8641720e-04,  0.0000000e+00], dtype=float32), 22050)",5
"(array([-6.1838968e-05, -1.2867749e-04, -9.5039708e-05, ...,
       -3.1910537e-04, -2.6212184e-04,  0.0000000e+00], dtype=float32), 22050)",5
"(array([-3.4129273e-05, -4.1629577e-05, -4.7006462e-05, ...,
        2.3844201e-05,  8.8814068e-06,  0.0000000e+00], dtype=float32), 22050)",5
"(array([-0.00022916, -0.00033753, -0.00026462, ...,  0.00064172,
        0.00071489,  0.        ], dtype=float32), 22050)",5
"(array([-0.00018759, -0.00029834, -0.00021964, ..., -0.00088678,
       -0.00090385,  0.        ], dtype=float32), 22050)",5
"(array([ 3.5743044e-05,  6.2550222e-05,  3.2626740e-05, ...,
       -7.7610492e-04, -8.1160018e-04,  0.0000000e+00], dtype=float32), 22050)",5
"(array([ 1.6628591e-04,  2.5472898e-04,  2.3922711e-04, ...,
       -6.0248756e-05,  7.5861150e-05,  0.0000000e+00], dtype=float32), 22050)",5
"(array([-2.12872947e-05,  5.18373345e-05,  8.97784121e-05, ...,
       -3.63053667e-04, -1.08301036e-04,  0.00000000e+00], dtype=float32), 22050)",5
"(array([-9.6055221e-05, -1.6569989e-04, -1.4251399e-04, ...,
       -7.3262764e-04, -7.6348474e-04,  0.0000000e+00], dtype=float32), 22050)",6
"(array([ 3.7679725e-05,  4.5688605e-05,  3.2052591e-05, ...,
       -1.2869504e-04, -1.7415338e-04,  0.0000000e+00], dtype=float32), 22050)",6
"(array([ 0.00010589,  0.00011804,  0.00012505, ..., -0.000625  ,
       -0.000668  ,  0.        ], dtype=float32), 22050)",6
"(array([-0.00050539, -0.00075676, -0.00065589, ..., -0.00013257,
       -0.0001162 ,  0.        ], dtype=float32), 22050)",6
"(array([0.0001185 , 0.00019691, 0.000176  , ..., 0.00053134, 0.00058148,
       0.        ], dtype=float32), 22050)",6
"(array([-2.4512661e-05, -2.0561734e-05, -8.8340412e-06, ...,
        3.2819610e-04,  3.3788578e-04,  0.0000000e+00], dtype=float32), 22050)",6
"(array([-0.0001095 , -0.00018863, -0.00017063, ..., -0.00013857,
       -0.00013745,  0.        ], dtype=float32), 22050)",6
"(array([-0.00017618, -0.00026354, -0.00025909, ..., -0.00041832,
       -0.00045008,  0.        ], dtype=float32), 22050)",6
"(array([1.4757973e-05, 4.9614675e-05, 7.2587369e-05, ..., 1.0724431e-03,
       1.2008882e-03, 0.0000000e+00], dtype=float32), 22050)",6
"(array([-0.00022751, -0.00034074, -0.00027627, ..., -0.00047065,
       -0.00053457,  0.        ], dtype=float32), 22050)",6
"(array([-0.00012052, -0.00018667, -0.00016841, ..., -0.00028305,
       -0.00022506,  0.        ], dtype=float32), 22050)",6
"(array([-1.9173861e-04, -2.5335941e-04, -2.0714321e-04, ...,
       -6.0809660e-05, -4.7253165e-05,  0.0000000e+00], dtype=float32), 22050)",6
"(array([-1.1582260e-04, -2.0061075e-04, -1.9596802e-04, ...,
        3.2233529e-05,  3.5744441e-05,  0.0000000e+00], dtype=float32), 22050)",6
"(array([-3.8744030e-05, -5.6744382e-05, -2.7794269e-05, ...,
        2.2388606e-04,  2.1651109e-04,  0.0000000e+00], dtype=float32), 22050)",6
"(array([-0.00027008, -0.00045314, -0.00038577, ..., -0.00017329,
       -0.00014803,  0.        ], dtype=float32), 22050)",6
"(array([-4.0018045e-07,  1.3861342e-06, -1.0316264e-05, ...,
       -2.4180792e-04, -3.5364876e-04,  0.0000000e+00], dtype=float32), 22050)",6
"(array([-9.8983088e-05, -1.5372332e-04, -1.1380112e-04, ...,
       -1.5934255e-04, -2.0863677e-04,  0.0000000e+00], dtype=float32), 22050)",6
"(array([ 0.00026813,  0.0004027 ,  0.00035023, ..., -0.00017677,
       -0.00022084,  0.        ], dtype=float32), 22050)",6
"(array([-6.3053420e-05, -1.0959484e-04, -9.4894014e-05, ...,
       -4.3777630e-04, -5.0001789e-04,  0.0000000e+00], dtype=float32), 22050)",6
"(array([1.0765175e-04, 1.4599373e-04, 9.6495263e-05, ..., 2.0886566e-03,
       1.9740397e-03, 0.0000000e+00], dtype=float32), 22050)",6
"(array([ 0.00024172,  0.00039972,  0.00036442, ..., -0.00084371,
       -0.0009392 ,  0.        ], dtype=float32), 22050)",6
"(array([-0.00091255, -0.00135344, -0.00120249, ..., -0.0005428 ,
       -0.00056586,  0.        ], dtype=float32), 22050)",6
"(array([-3.5044277e-04, -5.4465793e-04, -4.5974072e-04, ...,
       -4.4983197e-05, -9.0285546e-05,  0.0000000e+00], dtype=float32), 22050)",6
"(array([1.4391566e-04, 2.4531753e-04, 2.1604188e-04, ..., 5.9143109e-05,
       7.3599389e-05, 0.0000000e+00], dtype=float32), 22050)",6
"(array([-0.00010085, -0.00012366, -0.00019295, ..., -0.00023123,
       -0.00023863,  0.        ], dtype=float32), 22050)",6
"(array([ 6.8838535e-06,  4.0345243e-05,  1.0291428e-04, ...,
       -5.9336971e-04, -6.1197631e-04,  0.0000000e+00], dtype=float32), 22050)",6
"(array([-2.62937974e-04, -3.96565738e-04, -3.22145090e-04, ...,
       -9.71048285e-05, -1.21066085e-04,  0.00000000e+00], dtype=float32), 22050)",6
"(array([-0.00046091, -0.00066967, -0.00057801, ..., -0.00031758,
       -0.00033357,  0.        ], dtype=float32), 22050)",6
"(array([-8.4958912e-05, -9.9231831e-05, -6.5727989e-05, ...,
       -4.8795846e-05, -3.5052410e-05,  0.0000000e+00], dtype=float32), 22050)",6
"(array([-0.0005043 , -0.00073611, -0.0006434 , ..., -0.00057148,
       -0.00070075,  0.        ], dtype=float32), 22050)",6
"(array([-3.2072101e-05, -6.2711697e-05, -9.1429247e-05, ...,
       -2.5604753e-04, -2.9221401e-04,  0.0000000e+00], dtype=float32), 22050)",6
"(array([-4.7172445e-05, -1.3017385e-04, -9.0979382e-05, ...,
       -3.7083335e-04, -4.6765996e-04,  0.0000000e+00], dtype=float32), 22050)",6
"(array([0.00027754, 0.00037933, 0.00035712, ..., 0.00010339, 0.00016553,
       0.        ], dtype=float32), 22050)",6
"(array([ 1.09848814e-04,  1.58575698e-04,  9.76499432e-05, ...,
       -3.21039348e-04, -3.61409067e-04,  0.00000000e+00], dtype=float32), 22050)",6
"(array([-6.1853803e-05, -1.1172275e-04, -8.4211526e-05, ...,
       -7.9442376e-05, -8.0219055e-05,  0.0000000e+00], dtype=float32), 22050)",6
"(array([-0.00038206, -0.00055227, -0.00050702, ...,  0.00016328,
        0.00020633,  0.        ], dtype=float32), 22050)",6
"(array([-0.00035263, -0.00052506, -0.00045189, ...,  0.00035197,
        0.00038425,  0.        ], dtype=float32), 22050)",6
"(array([ 0.00014179,  0.00022612,  0.00020269, ..., -0.00093254,
       -0.00105823,  0.        ], dtype=float32), 22050)",6
"(array([ 4.5306908e-05,  4.7820296e-05,  4.7284146e-05, ...,
       -2.7370980e-04, -2.7475544e-04,  0.0000000e+00], dtype=float32), 22050)",6
"(array([0.00010473, 0.0001791 , 0.00017354, ..., 0.00011769, 0.00019372,
       0.        ], dtype=float32), 22050)",6
"(array([0.00028237, 0.00043231, 0.00037461, ..., 0.00032339, 0.00031414,
       0.        ], dtype=float32), 22050)",6
"(array([-3.6902985e-04, -5.8893999e-04, -5.2016642e-04, ...,
        9.7450000e-05,  1.5674614e-04,  0.0000000e+00], dtype=float32), 22050)",6
"(array([ 3.2797034e-05,  5.4214361e-05,  6.1047969e-05, ...,
       -3.6366683e-04, -4.2002616e-04,  0.0000000e+00], dtype=float32), 22050)",6
"(array([-2.4831574e-05, -4.3833901e-05, -4.0751416e-05, ...,
       -5.4001104e-04, -5.8645522e-04,  0.0000000e+00], dtype=float32), 22050)",6
"(array([0.00039715, 0.00060821, 0.00053878, ..., 0.00016041, 0.00016503,
       0.        ], dtype=float32), 22050)",6
"(array([ 5.8582627e-05,  6.4712403e-05,  8.8187961e-05, ...,
       -7.1818962e-05, -1.0197615e-04,  0.0000000e+00], dtype=float32), 22050)",6
"(array([-0.00017698, -0.00026102, -0.00021732, ...,  0.00012003,
        0.00015622,  0.        ], dtype=float32), 22050)",6
"(array([-6.6117187e-05, -5.4015771e-05, -2.8672926e-05, ...,
       -1.6610305e-04, -2.0130609e-04,  0.0000000e+00], dtype=float32), 22050)",6
"(array([ 4.88461083e-05,  1.11572524e-04,  8.24258386e-05, ...,
       -3.69282614e-04, -4.41827025e-04,  0.00000000e+00], dtype=float32), 22050)",6
"(array([-1.9490364e-05, -1.5218752e-05,  3.5669957e-06, ...,
       -4.6719646e-04, -5.1110267e-04,  0.0000000e+00], dtype=float32), 22050)",6
"(array([-0.00012921, -0.00020185, -0.00019373, ..., -0.00017497,
       -0.00021441,  0.        ], dtype=float32), 22050)",7
"(array([8.5064465e-05, 1.4307331e-04, 1.4877724e-04, ..., 2.6384112e-04,
       2.9198659e-04, 0.0000000e+00], dtype=float32), 22050)",7
"(array([-6.4712520e-05, -2.5251553e-05, -4.3012184e-05, ...,
       -2.1859894e-04, -2.3406858e-04,  0.0000000e+00], dtype=float32), 22050)",7
"(array([-0.00015265, -0.00023383, -0.00019054, ..., -0.00018936,
       -0.00016026,  0.        ], dtype=float32), 22050)",7
"(array([-9.3176623e-04, -1.3868548e-03, -1.2001127e-03, ...,
       -4.1342995e-05, -5.3597782e-05,  0.0000000e+00], dtype=float32), 22050)",7
"(array([-6.31207513e-05, -8.76311897e-05, -1.04152976e-04, ...,
       -1.47493600e-04, -1.38667252e-04,  0.00000000e+00], dtype=float32), 22050)",7
"(array([0.00022064, 0.0003266 , 0.00033275, ..., 0.000184  , 0.0001971 ,
       0.        ], dtype=float32), 22050)",7
"(array([-6.7815922e-06, -1.9495945e-05, -2.2230231e-05, ...,
       -1.6031988e-04, -1.2061142e-04,  0.0000000e+00], dtype=float32), 22050)",7
"(array([-1.0941409e-04, -1.4411776e-04, -1.2577332e-04, ...,
        2.9235554e-05,  2.5736141e-05,  0.0000000e+00], dtype=float32), 22050)",7
"(array([-0.00013672, -0.0001876 , -0.00016451, ...,  0.00030732,
        0.00035109,  0.        ], dtype=float32), 22050)",7
"(array([6.4558626e-05, 1.0153281e-04, 5.5690209e-05, ..., 1.1827035e-04,
       1.6089980e-04, 0.0000000e+00], dtype=float32), 22050)",7
"(array([ 0.00014914,  0.00022234,  0.00018903, ..., -0.00013579,
       -0.00016478,  0.        ], dtype=float32), 22050)",7
"(array([-0.00017515, -0.00026654, -0.00024611, ...,  0.00067565,
        0.00070029,  0.        ], dtype=float32), 22050)",7
"(array([-2.9256643e-04, -4.4016066e-04, -3.9800230e-04, ...,
       -1.1106270e-04, -9.6630669e-05,  0.0000000e+00], dtype=float32), 22050)",7
"(array([5.4690638e-05, 6.6174267e-05, 6.3285224e-05, ..., 4.9820164e-04,
       5.5938953e-04, 0.0000000e+00], dtype=float32), 22050)",7
"(array([ 3.0019552e-05,  5.8869664e-05,  1.9326219e-05, ...,
       -9.0305919e-05, -8.5530068e-05,  0.0000000e+00], dtype=float32), 22050)",7
"(array([-0.00015108, -0.00025796, -0.00022335, ...,  0.00073206,
        0.00079941,  0.        ], dtype=float32), 22050)",7
"(array([-8.6243082e-05, -1.3560806e-04, -1.0083449e-04, ...,
       -1.8382489e-05,  6.8491245e-06,  0.0000000e+00], dtype=float32), 22050)",7
"(array([1.7778443e-04, 2.3763420e-04, 1.8579660e-04, ..., 9.6397489e-05,
       9.3968003e-05, 0.0000000e+00], dtype=float32), 22050)",7
"(array([ 9.3150818e-05,  1.5277611e-04,  1.1796538e-04, ...,
       -5.2354980e-04, -6.0950709e-04,  0.0000000e+00], dtype=float32), 22050)",7
"(array([-1.1036000e-04, -1.5832330e-04, -1.2334361e-04, ...,
        6.2059526e-06, -1.7796052e-05,  0.0000000e+00], dtype=float32), 22050)",7
"(array([ 0.00022926,  0.00034285,  0.00032094, ..., -0.00094021,
       -0.00104791,  0.        ], dtype=float32), 22050)",7
"(array([-4.0191815e-05, -1.0165157e-04, -8.8267232e-05, ...,
       -3.9531591e-05, -1.9462421e-05,  0.0000000e+00], dtype=float32), 22050)",7
"(array([-4.6212605e-05, -5.5573768e-05, -5.2374329e-05, ...,
       -5.3737115e-04, -5.3189619e-04,  0.0000000e+00], dtype=float32), 22050)",7
"(array([-0.00013582, -0.00026596, -0.00024333, ...,  0.00026309,
        0.00031832,  0.        ], dtype=float32), 22050)",7
"(array([-2.6009849e-04, -3.7105434e-04, -3.6367128e-04, ...,
       -6.7236848e-05, -9.9784644e-05,  0.0000000e+00], dtype=float32), 22050)",7
"(array([ 1.8345941e-05,  4.4894241e-05,  3.4397828e-05, ...,
       -4.6337888e-04, -3.8531880e-04,  0.0000000e+00], dtype=float32), 22050)",7
"(array([-1.1327744e-06,  2.5736160e-06, -1.3287454e-05, ...,
       -4.0584951e-04, -4.4372040e-04,  0.0000000e+00], dtype=float32), 22050)",7
"(array([1.6300711e-04, 2.3260714e-04, 1.8722311e-04, ..., 3.7234568e-05,
       4.4377204e-05, 0.0000000e+00], dtype=float32), 22050)",7
"(array([-1.6322818e-04, -2.3802552e-04, -2.0950793e-04, ...,
        5.3239470e-05,  4.6550180e-05,  0.0000000e+00], dtype=float32), 22050)",7
"(array([4.6679274e-05, 6.8358488e-05, 6.1513012e-05, ..., 2.5209939e-04,
       2.6887338e-04, 0.0000000e+00], dtype=float32), 22050)",7
"(array([ 9.9743367e-05,  1.5245441e-04,  1.4175584e-04, ...,
       -3.1578608e-04, -3.6579248e-04,  0.0000000e+00], dtype=float32), 22050)",7
"(array([ 0.0002255 ,  0.00029726,  0.00023632, ..., -0.00035294,
       -0.00042972,  0.        ], dtype=float32), 22050)",7
"(array([-2.8732858e-04, -4.4787643e-04, -4.0255292e-04, ...,
        1.2648149e-05, -3.4657154e-05,  0.0000000e+00], dtype=float32), 22050)",7
"(array([ 1.5621321e-04,  2.0340958e-04,  2.1113247e-04, ...,
       -7.0516006e-05, -9.3933886e-05,  0.0000000e+00], dtype=float32), 22050)",7
"(array([-4.84910095e-04, -7.58716487e-04, -6.72261813e-04, ...,
        6.60499063e-05,  1.19376746e-04,  0.00000000e+00], dtype=float32), 22050)",7
"(array([-0.0003846 , -0.00060322, -0.00045874, ...,  0.0010462 ,
        0.00098073,  0.        ], dtype=float32), 22050)",7
"(array([-5.75025188e-05, -5.92903889e-05, -1.90236551e-05, ...,
        1.16768664e-04,  1.17893855e-04,  0.00000000e+00], dtype=float32), 22050)",7
"(array([-2.1622895e-05, -4.0202536e-05, -2.2144961e-05, ...,
        4.9393234e-04,  5.4052914e-04,  0.0000000e+00], dtype=float32), 22050)",7
"(array([ 0.00022466,  0.00031592,  0.00028904, ..., -0.00042568,
       -0.00060436,  0.        ], dtype=float32), 22050)",7
"(array([-0.00039867, -0.00061769, -0.00053885, ..., -0.00037633,
       -0.00039743,  0.        ], dtype=float32), 22050)",7
"(array([ 0.00020931,  0.00029483,  0.0002269 , ..., -0.00021104,
       -0.0002519 ,  0.        ], dtype=float32), 22050)",7
"(array([-9.0274327e-05, -9.7464930e-05, -5.9929902e-05, ...,
        2.0887991e-04,  2.3976660e-04,  0.0000000e+00], dtype=float32), 22050)",7
"(array([-0.0002323 , -0.00033069, -0.00029793, ...,  0.0004804 ,
        0.0005694 ,  0.        ], dtype=float32), 22050)",7
"(array([3.3118802e-05, 3.8891842e-05, 3.0275836e-05, ..., 1.3283112e-04,
       1.4742618e-04, 0.0000000e+00], dtype=float32), 22050)",7
"(array([-2.4114564e-04, -3.5656037e-04, -3.0541030e-04, ...,
       -1.3184337e-05, -2.9072240e-05,  0.0000000e+00], dtype=float32), 22050)",7
"(array([6.3690619e-05, 4.4550259e-05, 4.2775169e-05, ..., 2.1514243e-04,
       2.1567168e-04, 0.0000000e+00], dtype=float32), 22050)",7
"(array([-2.8314244e-04, -4.1594519e-04, -3.5211298e-04, ...,
       -2.0872412e-06, -9.1481939e-05,  0.0000000e+00], dtype=float32), 22050)",7
"(array([-0.00013022, -0.00018365, -0.00015218, ...,  0.00070137,
        0.00075415,  0.        ], dtype=float32), 22050)",7
"(array([-5.9749364e-05, -8.0637263e-05, -7.5313525e-05, ...,
        4.4909769e-04,  6.1229122e-04,  0.0000000e+00], dtype=float32), 22050)",7
"(array([-0.00023141, -0.0003302 , -0.00028829, ..., -0.00022175,
       -0.00032259,  0.        ], dtype=float32), 22050)",8
"(array([ 5.3875487e-05,  6.6489258e-05,  1.7776867e-05, ...,
       -1.4575895e-04, -1.3244495e-04,  0.0000000e+00], dtype=float32), 22050)",8
"(array([3.7285502e-04, 5.6110963e-04, 4.9554586e-04, ..., 2.4908270e-05,
       2.1085969e-05, 0.0000000e+00], dtype=float32), 22050)",8
"(array([-6.6634704e-05, -1.0520999e-04, -1.2813444e-04, ...,
        4.2862698e-04,  4.1194513e-04,  0.0000000e+00], dtype=float32), 22050)",8
"(array([-0.00046489, -0.000662  , -0.00057957, ...,  0.00019369,
        0.00019686,  0.        ], dtype=float32), 22050)",8
"(array([ 2.7500184e-05, -3.5842018e-05,  1.3214716e-04, ...,
        7.7736797e-04,  8.1032503e-04,  0.0000000e+00], dtype=float32), 22050)",8
"(array([-3.3806740e-05, -1.3708727e-05,  1.8731340e-05, ...,
        1.6179067e-04,  1.6662046e-04,  0.0000000e+00], dtype=float32), 22050)",8
"(array([-1.8891068e-06, -4.8281639e-05, -7.9750243e-05, ...,
       -1.6553335e-04, -6.7470501e-05,  0.0000000e+00], dtype=float32), 22050)",8
"(array([-8.6356340e-05, -1.3458682e-04, -1.0498262e-04, ...,
       -6.5931781e-05, -1.4956284e-04,  0.0000000e+00], dtype=float32), 22050)",8
"(array([-4.4969467e-05, -4.2506676e-05, -4.2096483e-05, ...,
        7.3198775e-05,  9.8551573e-05,  0.0000000e+00], dtype=float32), 22050)",8
"(array([-3.3933145e-05, -1.2075950e-05, -2.0383502e-06, ...,
        2.8609898e-04,  2.8806028e-04,  0.0000000e+00], dtype=float32), 22050)",8
"(array([-0.00025989, -0.00040698, -0.00035707, ...,  0.00051401,
        0.00056654,  0.        ], dtype=float32), 22050)",8
"(array([0.00028265, 0.00041777, 0.00034739, ..., 0.00034347, 0.00027904,
       0.        ], dtype=float32), 22050)",8
"(array([-3.9336862e-04, -5.9654401e-04, -4.8598941e-04, ...,
        1.8403121e-06,  1.4422407e-05,  0.0000000e+00], dtype=float32), 22050)",8
"(array([-2.26995180e-05, -3.31095362e-05, -1.92863772e-05, ...,
       -3.80905767e-05, -1.31735615e-05,  0.00000000e+00], dtype=float32), 22050)",8
"(array([-0.00023999, -0.00036016, -0.0002849 , ..., -0.00051659,
       -0.00063503,  0.        ], dtype=float32), 22050)",8
"(array([ 2.52336962e-04,  3.10290459e-04,  3.35718301e-04, ...,
       -1.44886235e-05, -2.03363343e-05,  0.00000000e+00], dtype=float32), 22050)",8
"(array([-5.8524741e-04, -8.7199733e-04, -7.6321111e-04, ...,
        4.8881633e-05,  8.1199714e-06,  0.0000000e+00], dtype=float32), 22050)",8
"(array([-0.00018684, -0.0003019 , -0.00026923, ..., -0.00026645,
       -0.00027198,  0.        ], dtype=float32), 22050)",8
"(array([0.00057824, 0.00090719, 0.00080096, ..., 0.00061207, 0.00063143,
       0.        ], dtype=float32), 22050)",8
"(array([ 7.0120761e-05,  8.4920626e-05,  9.5516465e-05, ...,
       -6.8543042e-04, -7.2096620e-04,  0.0000000e+00], dtype=float32), 22050)",8
"(array([ 6.4377637e-05,  1.0937901e-04,  8.5503911e-05, ...,
       -2.6280069e-04, -2.7666221e-04,  0.0000000e+00], dtype=float32), 22050)",8
"(array([-0.00011877, -0.00019604, -0.00015855, ...,  0.00023397,
        0.00031314,  0.        ], dtype=float32), 22050)",8
"(array([-4.5660759e-05, -5.5687909e-05, -5.8802871e-05, ...,
       -2.0947101e-04, -2.0730527e-04,  0.0000000e+00], dtype=float32), 22050)",8
"(array([0.00015262, 0.00023808, 0.00019756, ..., 0.0001459 , 0.00012236,
       0.        ], dtype=float32), 22050)",8
"(array([-0.00015966, -0.00025098, -0.00020638, ..., -0.00051283,
       -0.00060501,  0.        ], dtype=float32), 22050)",8
"(array([-2.8664144e-04, -4.1034049e-04, -3.4117277e-04, ...,
        2.4210918e-05,  1.7903889e-06,  0.0000000e+00], dtype=float32), 22050)",8
"(array([0.00069087, 0.00105098, 0.00094707, ..., 0.00016631, 0.00025913,
       0.        ], dtype=float32), 22050)",8
"(array([-0.00010059, -0.0001507 , -0.00012641, ..., -0.00040802,
       -0.0004317 ,  0.        ], dtype=float32), 22050)",8
"(array([ 1.5777456e-05, -3.6165941e-06,  4.1738629e-05, ...,
       -6.7369017e-04, -7.5268152e-04,  0.0000000e+00], dtype=float32), 22050)",8
"(array([0.00036103, 0.00056252, 0.0005346 , ..., 0.00073774, 0.00071284,
       0.        ], dtype=float32), 22050)",8
"(array([-0.00017369, -0.00025088, -0.00023372, ...,  0.00025435,
        0.00031263,  0.        ], dtype=float32), 22050)",8
"(array([-0.000605  , -0.00092565, -0.00084005, ..., -0.00019343,
       -0.00026905,  0.        ], dtype=float32), 22050)",8
"(array([-1.7360716e-04, -2.8904321e-04, -2.6570330e-04, ...,
        1.4127107e-04,  9.1522270e-05,  0.0000000e+00], dtype=float32), 22050)",8
"(array([ 7.5883486e-06,  2.4536772e-05,  2.5375870e-05, ...,
       -2.7923449e-04, -2.8035528e-04,  0.0000000e+00], dtype=float32), 22050)",8
"(array([-3.7384560e-04, -5.7559868e-04, -5.1857898e-04, ...,
       -6.4964974e-05, -5.9348225e-05,  0.0000000e+00], dtype=float32), 22050)",8
"(array([0.00030322, 0.0004524 , 0.00039427, ..., 0.0001661 , 0.00019155,
       0.        ], dtype=float32), 22050)",8
"(array([-6.8840942e-05, -2.1120360e-04, -3.7651454e-04, ...,
        1.3790361e-04,  1.4899261e-04,  0.0000000e+00], dtype=float32), 22050)",8
"(array([-0.00023037, -0.00034255, -0.00033418, ..., -0.00093228,
       -0.00103384,  0.        ], dtype=float32), 22050)",8
"(array([-0.00017882, -0.00027672, -0.00025815, ...,  0.00050688,
        0.00056651,  0.        ], dtype=float32), 22050)",8
"(array([-0.00032695, -0.00048226, -0.00043634, ...,  0.00038507,
        0.00044684,  0.        ], dtype=float32), 22050)",8
"(array([-0.00023911, -0.00036123, -0.0002564 , ..., -0.0002392 ,
       -0.00025944,  0.        ], dtype=float32), 22050)",8
"(array([-3.8549153e-04, -5.8150175e-04, -4.9237645e-04, ...,
       -1.1661868e-04, -9.5907068e-05,  0.0000000e+00], dtype=float32), 22050)",8
"(array([0.0002434 , 0.00035992, 0.00030027, ..., 0.00014458, 0.00017272,
       0.        ], dtype=float32), 22050)",8
"(array([-0.00010027, -0.00011739, -0.00012118, ...,  0.00028391,
        0.00029143,  0.        ], dtype=float32), 22050)",8
"(array([-0.0002517 , -0.00037048, -0.00031801, ..., -0.00021541,
       -0.00026792,  0.        ], dtype=float32), 22050)",8
"(array([0.00011789, 0.00014222, 0.00013216, ..., 0.00033777, 0.0003734 ,
       0.        ], dtype=float32), 22050)",8
"(array([-1.8314500e-05, -4.2580268e-06,  1.7428392e-05, ...,
       -5.4004711e-05, -4.2448726e-05,  0.0000000e+00], dtype=float32), 22050)",8
"(array([4.7958765e-05, 2.9096369e-05, 3.1203872e-05, ..., 1.9220995e-04,
       1.7928246e-04, 0.0000000e+00], dtype=float32), 22050)",8
"(array([1.7461416e-04, 2.8915537e-04, 2.2801099e-04, ..., 8.3302133e-05,
       9.3696297e-05, 0.0000000e+00], dtype=float32), 22050)",8
"(array([ 5.2821415e-06, -5.5287649e-07, -1.8045681e-05, ...,
       -7.9237582e-04, -7.6297717e-04,  0.0000000e+00], dtype=float32), 22050)",9
"(array([ 1.2209508e-05, -1.2757824e-05, -1.1470521e-06, ...,
        2.3413479e-05, -7.1404334e-06,  0.0000000e+00], dtype=float32), 22050)",9
"(array([-8.7783556e-05, -1.3104660e-04, -1.7947347e-04, ...,
       -3.1321033e-04, -3.3548451e-04,  0.0000000e+00], dtype=float32), 22050)",9
"(array([-0.00016953, -0.00023897, -0.00017928, ...,  0.00018065,
        0.00017732,  0.        ], dtype=float32), 22050)",9
"(array([ 0.0003407 ,  0.00052314,  0.00047462, ..., -0.00105515,
       -0.00118097,  0.        ], dtype=float32), 22050)",9
"(array([ 0.00049721,  0.00069577,  0.00053241, ..., -0.00043161,
       -0.00041417,  0.        ], dtype=float32), 22050)",9
"(array([-8.02947325e-05, -1.14541472e-04, -8.40482098e-05, ...,
        1.00937854e-04,  5.59388718e-05,  0.00000000e+00], dtype=float32), 22050)",9
"(array([-0.00010636, -0.00016931, -0.00013228, ...,  0.00089568,
        0.0009435 ,  0.        ], dtype=float32), 22050)",9
"(array([0.00013252, 0.00019624, 0.00018422, ..., 0.00019249, 0.00025306,
       0.        ], dtype=float32), 22050)",9
"(array([ 0.00021736,  0.00033294,  0.00028646, ..., -0.00021528,
       -0.00023205,  0.        ], dtype=float32), 22050)",9
"(array([-0.00015002, -0.00024435, -0.0002235 , ..., -0.00012491,
       -0.00011123,  0.        ], dtype=float32), 22050)",9
"(array([0.00018286, 0.00024576, 0.00022174, ..., 0.00037636, 0.00040882,
       0.        ], dtype=float32), 22050)",9
"(array([-0.00013633, -0.00016463, -0.00018438, ..., -0.00020653,
       -0.00025287,  0.        ], dtype=float32), 22050)",9
"(array([-0.00029834, -0.00045184, -0.00039537, ...,  0.00020072,
        0.00029573,  0.        ], dtype=float32), 22050)",9
"(array([-0.00010952, -0.00017108, -0.00019511, ...,  0.00045106,
        0.00046994,  0.        ], dtype=float32), 22050)",9
"(array([-0.00070754, -0.00101775, -0.00088043, ..., -0.00084908,
       -0.0009077 ,  0.        ], dtype=float32), 22050)",9
"(array([ 3.948991e-04,  5.881947e-04,  4.999806e-04, ..., -6.312732e-05,
       -7.016882e-05,  0.000000e+00], dtype=float32), 22050)",9
"(array([-0.00028493, -0.00040711, -0.00036804, ..., -0.00017104,
       -0.00021609,  0.        ], dtype=float32), 22050)",9
"(array([-0.00073942, -0.00106611, -0.00091723, ...,  0.00077998,
        0.00081482,  0.        ], dtype=float32), 22050)",9
"(array([ 3.7699563e-05,  1.0415093e-04,  9.2553993e-05, ...,
       -6.9205395e-05, -7.3260089e-05,  0.0000000e+00], dtype=float32), 22050)",9
"(array([ 0.0001841 ,  0.00027944,  0.00024871, ..., -0.00031002,
       -0.00031554,  0.        ], dtype=float32), 22050)",9
"(array([-0.00018812, -0.00028218, -0.00026915, ...,  0.00031787,
        0.00036305,  0.        ], dtype=float32), 22050)",9
"(array([-1.9392489e-04, -3.0476323e-04, -2.5136577e-04, ...,
       -1.0269691e-06, -7.5849712e-06,  0.0000000e+00], dtype=float32), 22050)",9
"(array([-1.1590070e-04, -1.8316855e-04, -1.5822369e-04, ...,
       -7.7767188e-05, -7.6105178e-05,  0.0000000e+00], dtype=float32), 22050)",9
"(array([-4.7988447e-05, -7.6967481e-05, -3.3281529e-05, ...,
       -2.0927784e-04, -1.9367499e-04,  0.0000000e+00], dtype=float32), 22050)",9
"(array([-0.0001973 , -0.00031427, -0.00024581, ..., -0.00016425,
       -0.00016278,  0.        ], dtype=float32), 22050)",9
"(array([ 1.9452989e-05,  6.5904424e-05,  5.2976859e-05, ...,
       -2.5217189e-04, -2.7856993e-04,  0.0000000e+00], dtype=float32), 22050)",9
"(array([0.0001789 , 0.00031774, 0.00032895, ..., 0.00038758, 0.00044491,
       0.        ], dtype=float32), 22050)",9
"(array([ 0.00010105,  0.00012524,  0.00010499, ..., -0.00036346,
       -0.00039631,  0.        ], dtype=float32), 22050)",9
"(array([-0.00068186, -0.00099093, -0.00085894, ..., -0.0004272 ,
       -0.00048618,  0.        ], dtype=float32), 22050)",9
"(array([-0.00015043, -0.0002256 , -0.00022356, ...,  0.0002199 ,
        0.00020924,  0.        ], dtype=float32), 22050)",9
"(array([ 0.00021359,  0.00035295,  0.00034009, ..., -0.00153971,
       -0.00160949,  0.        ], dtype=float32), 22050)",9
"(array([ 1.3164309e-04,  1.8099815e-04,  1.3631152e-04, ...,
       -3.3871744e-05, -5.7328187e-05,  0.0000000e+00], dtype=float32), 22050)",9
"(array([0.00012044, 0.0001771 , 0.00019461, ..., 0.00033757, 0.00036603,
       0.        ], dtype=float32), 22050)",9
"(array([-5.13905070e-05, -1.00173944e-04, -5.77625651e-05, ...,
       -2.90335011e-04, -2.88034556e-04,  0.00000000e+00], dtype=float32), 22050)",9
"(array([-0.0003784 , -0.00059793, -0.00051029, ...,  0.00034204,
        0.00037242,  0.        ], dtype=float32), 22050)",9
"(array([0.00018508, 0.00028901, 0.00026767, ..., 0.00028041, 0.00031275,
       0.        ], dtype=float32), 22050)",9
"(array([0.00033743, 0.00050092, 0.00045018, ..., 0.00047945, 0.00049336,
       0.        ], dtype=float32), 22050)",9
"(array([-1.4594001e-05, -6.7783636e-05, -5.4519092e-05, ...,
       -1.5675589e-04, -2.2142312e-04,  0.0000000e+00], dtype=float32), 22050)",9
"(array([-7.4622651e-05, -1.1326450e-04, -8.7434550e-05, ...,
        2.2636287e-04,  1.9889671e-04,  0.0000000e+00], dtype=float32), 22050)",9
"(array([-4.4094544e-05, -6.5426801e-05, -5.8307793e-05, ...,
       -9.5174393e-05, -1.2585388e-04,  0.0000000e+00], dtype=float32), 22050)",9
"(array([7.6326018e-05, 1.4479191e-04, 1.4234988e-04, ..., 2.8877542e-04,
       3.6375679e-04, 0.0000000e+00], dtype=float32), 22050)",9
"(array([ 0.00017508,  0.00024119,  0.00022674, ..., -0.00023476,
       -0.00027876,  0.        ], dtype=float32), 22050)",9
"(array([-0.0003528 , -0.00050104, -0.00042849, ...,  0.0003979 ,
        0.00036296,  0.        ], dtype=float32), 22050)",9
"(array([-0.00106406, -0.00161819, -0.00143766, ..., -0.0012788 ,
       -0.00128141,  0.        ], dtype=float32), 22050)",9
"(array([2.3251884e-04, 3.5357688e-04, 2.9896505e-04, ..., 4.8179852e-05,
       1.0181100e-04, 0.0000000e+00], dtype=float32), 22050)",9
"(array([ 0.00018838,  0.00026661,  0.00022237, ..., -0.00028499,
       -0.00031263,  0.        ], dtype=float32), 22050)",9
"(array([0.00012725, 0.00022217, 0.00016687, ..., 0.00012453, 0.00011944,
       0.        ], dtype=float32), 22050)",9
"(array([-3.6016255e-04, -5.4040883e-04, -4.7901541e-04, ...,
       -8.7039210e-05, -5.3336120e-05,  0.0000000e+00], dtype=float32), 22050)",9
"(array([-8.6647917e-05, -1.1079071e-04, -7.9575962e-05, ...,
        1.8655394e-04,  2.3188371e-04,  0.0000000e+00], dtype=float32), 22050)",9
